DIE	0	0	76090	76090
CELL	_345_	INV_X2	40361	18840	41501	21640
CELL	PHY_EDGE_ROW_14_Right_14	TAPCELL_X1	73340	42000	73720	44800
CELL	_347_	NAND2_X1	33183	16156	34323	18956
CELL	_348_	INV_X1	52426	10943	53186	13743
CELL	_349_	NOR2_X1	45445	14752	46585	17552
CELL	_350_	NOR2_X1	33719	16201	34859	19001
CELL	_351_	OAI21_X2	32867	16334	35527	19134
CELL	_352_	INV_X1	9923	11546	10683	14346
CELL	_353_	NAND2_X1	10916	15815	12056	18615
CELL	_354_	INV_X1	9626	14288	10386	17088
CELL	_355_	NAND2_X1	10444	12301	11584	15101
CELL	_356_	NAND2_X1	14919	15415	16059	18215
CELL	_357_	INV_X2	19299	7155	20439	9955
CELL	_358_	NAND2_X2	20193	10739	22093	13539
CELL	_359_	INV_X1	21607	7912	22367	10712
CELL	_360_	NAND2_X1	19909	7934	21049	10734
CELL	_361_	NAND2_X2	20049	12420	21949	15220
CELL	_362_	NOR2_X2	20928	17740	22828	20540
CELL	_363_	NAND2_X2	22898	19747	24798	22547
CELL	_364_	INV_X1	15287	14615	16047	17415
CELL	_365_	OAI21_X1	16192	15369	17712	18169
CELL	_366_	INV_X1	19359	21665	20119	24465
CELL	_367_	NAND2_X4	21352	22951	24772	25751
CELL	PHY_EDGE_ROW_13_Right_13	TAPCELL_X1	73340	39200	73720	42000
CELL	_369_	XNOR2_X2	15250	28869	19050	31669
CELL	_370_	XNOR2_X1	33354	30390	35634	33190
CELL	_371_	NAND2_X1	22195	32743	23335	35543
CELL	_372_	XNOR2_X2	13603	58616	17403	61416
CELL	_373_	XNOR2_X2	11453	48878	15253	51678
CELL	_374_	NAND2_X1	18589	46148	19729	48948
CELL	_375_	NOR2_X1	22917	41351	24057	44151
CELL	_376_	NAND2_X2	23980	41504	25880	44304
CELL	_377_	INV_X1	33753	28198	34513	30998
CELL	_378_	NAND2_X1	24778	27253	25918	30053
CELL	_379_	INV_X1	8710	28350	9470	31150
CELL	_380_	OAI21_X2	16954	28048	19614	30848
CELL	_381_	INV_X1	16804	26562	17564	29362
CELL	_382_	NOR2_X2	16357	36490	18257	39290
CELL	_383_	INV_X1	18800	39007	19560	41807
CELL	_384_	NAND2_X1	20011	39826	21151	42626
CELL	_385_	NOR2_X1	21817	43991	22957	46791
CELL	_386_	INV_X1	12364	58675	13124	61475
CELL	_387_	NAND2_X1	17449	57479	18589	60279
CELL	_388_	INV_X2	18390	53664	19530	56464
CELL	_389_	INV_X1	11759	50747	12519	53547
CELL	_390_	NAND2_X1	14986	50612	16126	53412
CELL	_391_	OAI21_X1	18253	52366	19773	55166
CELL	_392_	NOR2_X2	22538	48271	24438	51071
CELL	_393_	NAND2_X4	24014	48169	27434	50969
CELL	_394_	INV_X2	41770	40977	42910	43777
CELL	_395_	XNOR2_X2	41287	43141	45087	45941
CELL	_396_	INV_X2	56434	55849	57574	58649
CELL	_397_	XNOR2_X1	49259	53894	51539	56694
CELL	_398_	NOR2_X2	48437	49208	50337	52008
CELL	_399_	XNOR2_X2	34512	62710	38312	65510
CELL	_400_	XNOR2_X2	28238	55138	32038	57938
CELL	_401_	NAND2_X1	35323	52952	36463	55752
CELL	_402_	INV_X1	37987	51749	38747	54549
CELL	_403_	AND2_X1	50635	49439	52155	52239
CELL	_404_	NAND2_X2	55259	48301	57159	51101
CELL	_405_	NAND2_X1	44277	43328	45417	46128
CELL	_406_	NAND2_X1	49407	51416	50547	54216
CELL	_407_	OAI21_X1	45879	45653	47399	48453
CELL	_408_	INV_X1	35840	66238	36600	69038
CELL	_409_	NOR2_X1	34459	62928	35599	65728
CELL	_410_	INV_X1	29420	56590	30180	59390
CELL	_411_	AND2_X1	30278	55203	31798	58003
CELL	_412_	AOI21_X2	34964	55165	37624	57965
CELL	_413_	INV_X1	44913	49909	45673	52709
CELL	_414_	AOI21_X2	47836	47359	50496	50159
CELL	_415_	NAND2_X4	54696	45759	58116	48559
CELL	_416_	XNOR2_X2	61510	35852	65310	38652
CELL	_417_	INV_X1	56085	38403	56845	41203
CELL	_418_	INV_X2	48761	35306	49901	38106
CELL	_419_	XNOR2_X2	48277	31267	52077	34067
CELL	_420_	NOR2_X2	55252	38323	57152	41123
CELL	_421_	NAND2_X2	57746	38647	59646	41447
CELL	_422_	NAND2_X1	49563	30609	50703	33409
CELL	_423_	INV_X1	65413	34291	66173	37091
CELL	_424_	NAND2_X1	60915	33133	62055	35933
CELL	_425_	OAI21_X1	54534	31283	56054	34083
CELL	_426_	INV_X1	59508	30722	60268	33522
CELL	_427_	NAND2_X2	59910	30369	61810	33169
CELL	_428_	INV_X1	70183	6732	70943	9532
CELL	_429_	XNOR2_X1	68059	22553	70339	25353
CELL	_430_	INV_X1	68297	25413	69057	28213
CELL	_431_	NAND2_X2	66430	25725	68330	28525
CELL	_432_	NAND2_X1	67048	21653	68188	24453
CELL	_433_	NAND2_X1	60596	23477	61736	26277
CELL	_434_	INV_X2	62567	13575	63707	16375
CELL	_435_	XNOR2_X1	58687	17030	60967	19830
CELL	_436_	INV_X1	58387	23067	59147	25867
CELL	_437_	NAND2_X1	57951	22588	59091	25388
CELL	_438_	NAND3_X1	59964	22890	61484	25690
CELL	_439_	AND2_X1	57775	22935	59295	25735
CELL	_440_	XNOR2_X1	39511	17217	41791	20017
CELL	_441_	INV_X1	41934	16141	42694	18941
CELL	_442_	XNOR2_X1	40668	16343	42948	19143
CELL	_443_	INV_X1	41140	4493	41900	7293
CELL	_444_	INV_X1	23039	16395	23799	19195
CELL	_445_	XNOR2_X1	24893	16696	27173	19496
CELL	_446_	INV_X1	27790	4493	28550	7293
CELL	_447_	NAND2_X1	23418	16871	24558	19671
CELL	_448_	NAND2_X1	18808	16396	19948	19196
CELL	_449_	XNOR2_X1	16057	18043	18337	20843
CELL	_450_	XNOR2_X1	23121	32340	25401	35140
CELL	_451_	INV_X1	5057	33672	5817	36472
CELL	_452_	NAND2_X1	22050	32680	23190	35480
CELL	_453_	NAND2_X1	18783	30799	19923	33599
CELL	_454_	XOR2_X1	17243	31549	19523	34349
CELL	_455_	INV_X1	19412	38564	20172	41364
CELL	_456_	AOI21_X2	17798	38535	20458	41335
CELL	_457_	XNOR2_X1	15385	45417	17665	48217
CELL	_458_	INV_X1	5057	46832	5817	49632
CELL	_459_	NAND2_X1	17334	46617	18474	49417
CELL	_460_	NAND2_X1	17382	51249	18522	54049
CELL	_461_	XNOR2_X1	16986	54026	19266	56826
CELL	_462_	XNOR2_X1	27523	52618	29803	55418
CELL	_463_	INV_X1	27861	68307	28621	71107
CELL	_464_	AOI21_X1	34093	53726	35613	56526
CELL	_465_	XNOR2_X1	35854	56422	38134	59222
CELL	_466_	NAND2_X1	41835	52049	42975	54849
CELL	_467_	NAND2_X2	42748	54319	44648	57119
CELL	_468_	INV_X1	47999	55545	48759	58345
CELL	_469_	XNOR2_X1	45990	57279	48270	60079
CELL	_470_	INV_X1	52392	68307	53152	71107
CELL	_471_	NAND2_X2	44852	55852	46752	58652
CELL	_472_	NAND2_X2	43947	50227	45847	53027
CELL	_473_	XNOR2_X2	40914	49213	44714	52013
CELL	_474_	XNOR2_X1	59589	39779	61869	42579
CELL	_475_	INV_X1	70183	40006	70943	42806
CELL	_476_	NAND2_X2	55576	37954	57476	40754
CELL	_477_	NAND2_X2	54381	32803	56281	35603
CELL	_478_	XNOR2_X2	51849	31099	55649	33899
CELL	_479_	XNOR2_X1	67500	25923	69780	28723
CELL	_480_	INV_X1	70183	25423	70943	28223
CELL	_481_	XNOR2_X1	46744	13902	49024	16702
CELL	_482_	NAND4_X1	50204	18767	52104	21567
CELL	_483_	NAND3_X1	48714	40579	50234	43379
CELL	_484_	NOR3_X1	49150	39108	50670	41908
CELL	_485_	INV_X1	35236	62799	35996	65599
CELL	_486_	NAND4_X1	23989	53853	25889	56653
CELL	_487_	NAND4_X1	22634	24766	24534	27566
CELL	_488_	NOR2_X1	25321	41237	26461	44037
CELL	_489_	NAND2_X1	49595	41310	50735	44110
CELL	_490_	INV_X1	60634	58987	61394	61787
CELL	PHY_EDGE_ROW_12_Right_12	TAPCELL_X1	73340	36400	73720	39200
CELL	_492_	INV_X1	69015	57323	69775	60123
CELL	_493_	OR2_X1	67993	59228	69513	62028
CELL	PHY_EDGE_ROW_11_Right_11	TAPCELL_X1	73340	33600	73720	36400
CELL	PHY_EDGE_ROW_10_Right_10	TAPCELL_X1	73340	30800	73720	33600
CELL	PHY_EDGE_ROW_9_Right_9	TAPCELL_X1	73340	28000	73720	30800
CELL	_497_	NAND2_X1	61394	67992	62534	70792
CELL	_498_	OAI22_X1	60705	59156	62605	61956
CELL	PHY_EDGE_ROW_8_Right_8	TAPCELL_X1	73340	25200	73720	28000
CELL	_500_	AND3_X1	68934	60587	70834	63387
CELL	_501_	AOI21_X1	69499	61709	71019	64509
CELL	PHY_EDGE_ROW_7_Right_7	TAPCELL_X1	73340	22400	73720	25200
CELL	_503_	INV_X1	65585	68292	66345	71092
CELL	_504_	OAI21_X1	65059	67786	66579	70586
CELL	_505_	NAND2_X1	66781	62410	67921	65210
CELL	_506_	OAI21_X1	61025	61251	62545	64051
CELL	_507_	NAND2_X1	59951	16985	61091	19785
CELL	_508_	OAI21_X1	59477	22317	60997	25117
CELL	_509_	NOR2_X2	59799	25457	61699	28257
CELL	_510_	AOI21_X1	58341	30530	59861	33330
CELL	_511_	NAND2_X1	57104	39822	58244	42622
CELL	_512_	OAI21_X1	57236	45288	58756	48088
CELL	_513_	INV_X2	60272	47837	61412	50637
CELL	_514_	INV_X1	57175	47222	57935	50022
CELL	_515_	NAND3_X4	54980	49521	59920	52321
CELL	_516_	NAND3_X1	64562	50266	66082	53066
CELL	_517_	NAND2_X2	67857	51045	69757	53845
CELL	PHY_EDGE_ROW_6_Right_6	TAPCELL_X1	73340	19600	73720	22400
CELL	_519_	MUX2_X1	48003	4459	50663	7259
CELL	_520_	NAND2_X1	50399	5325	51539	8125
CELL	PHY_EDGE_ROW_5_Right_5	TAPCELL_X1	73340	16800	73720	19600
CELL	_522_	OAI21_X1	49557	9189	51077	11989
CELL	_523_	MUX2_X1	33038	4459	35698	7259
CELL	_524_	NAND2_X1	34436	11202	35576	14002
CELL	_525_	OAI21_X1	33350	17768	34870	20568
CELL	_526_	NAND2_X1	23826	4336	24966	7136
CELL	_527_	OAI21_X1	21474	4428	22994	7228
CELL	_528_	NAND2_X1	19401	4861	20541	7661
CELL	_529_	OAI21_X1	16760	5443	18280	8243
CELL	_530_	NAND2_X1	10559	4336	11699	7136
CELL	_531_	OAI21_X1	9788	6274	11308	9074
CELL	_532_	NAND2_X1	9493	7735	10633	10535
CELL	_533_	OAI21_X1	7502	9919	9022	12719
CELL	PHY_EDGE_ROW_4_Right_4	TAPCELL_X1	73340	14000	73720	16800
CELL	PHY_EDGE_ROW_3_Right_3	TAPCELL_X1	73340	11200	73720	14000
CELL	_536_	MUX2_X1	27997	23781	30657	26581
CELL	_537_	NAND2_X1	30706	24165	31846	26965
CELL	_538_	OAI21_X1	30723	24994	32243	27794
CELL	_539_	NAND2_X1	4718	26642	5858	29442
CELL	_540_	OAI21_X1	4975	26783	6495	29583
CELL	_541_	NAND2_X1	6623	26670	7763	29470
CELL	_542_	OAI21_X1	9052	26383	10572	29183
CELL	_543_	MUX2_X1	4055	50435	6715	53235
CELL	_544_	NAND2_X1	6415	51269	7555	54069
CELL	_545_	OAI21_X1	6714	51599	8234	54399
CELL	_546_	MUX2_X1	4055	59521	6715	62321
CELL	_547_	NAND2_X1	6116	59325	7256	62125
CELL	_548_	OAI21_X1	6219	58883	7739	61683
CELL	_549_	MUX2_X1	23221	68270	25881	71070
CELL	_550_	NAND2_X1	25310	66342	26450	69142
CELL	_551_	OAI21_X1	24503	59108	26023	61908
CELL	_552_	NAND2_X1	33916	68150	35056	70950
CELL	_553_	OAI21_X1	32710	68010	34230	70810
CELL	_554_	NAND2_X1	30882	66862	32022	69662
CELL	_555_	OAI21_X1	28909	64609	30429	67409
CELL	_556_	MUX2_X1	52020	63669	54680	66469
CELL	_557_	NAND2_X1	54530	61867	55670	64667
CELL	_558_	OAI21_X1	53619	57234	55139	60034
CELL	_559_	MUX2_X1	30937	40492	33597	43292
CELL	_560_	NAND2_X1	34913	40224	36053	43024
CELL	_561_	OAI21_X1	36224	40338	37744	43138
CELL	_562_	MUX2_X1	69181	33477	71841	36277
CELL	_563_	NAND2_X1	69192	32530	70332	35330
CELL	_564_	OAI21_X1	66812	32502	68332	35302
CELL	_565_	MUX2_X1	42311	32979	44971	35779
CELL	_566_	NAND2_X1	43705	33311	44845	36111
CELL	_567_	OAI21_X1	43404	33926	44924	36726
CELL	_568_	MUX2_X1	66271	4459	68931	7259
CELL	_569_	NAND2_X1	68000	5161	69140	7961
CELL	_570_	OAI21_X1	66866	6003	68386	8803
CELL	_571_	MUX2_X1	58884	5467	61544	8267
CELL	_572_	NAND2_X1	60995	7448	62135	10248
CELL	_573_	OAI21_X1	59628	12184	61148	14984
CELL	_574_	NAND2_X4	63314	50300	66734	53100
CELL	_575_	NAND3_X4	67378	51281	72318	54081
CELL	_576_	INV_X8	36570	32880	39990	35680
CELL	_577_	NAND2_X1	48287	19428	49427	22228
CELL	_578_	NAND4_X4	62050	50801	68890	53601
CELL	PHY_EDGE_ROW_2_Right_2	TAPCELL_X1	73340	8400	73720	11200
CELL	_580_	OAI21_X1	47481	18777	49001	21577
CELL	_581_	NOR2_X2	68171	58267	70071	61067
CELL	PHY_EDGE_ROW_1_Right_1	TAPCELL_X1	73340	5600	73720	8400
CELL	_583_	NAND2_X1	46324	18278	47464	21078
CELL	_584_	NAND2_X1	44056	4336	45196	7136
CELL	_585_	NOR2_X1	69114	51720	70254	54520
CELL	PHY_EDGE_ROW_0_Right_0	TAPCELL_X1	73340	2800	73720	5600
CELL	_587_	NAND2_X1	44418	7522	45558	10322
CELL	_588_	NAND3_X1	44011	6855	45531	9655
CELL	_589_	OAI22_X1	40650	15623	42550	18423
CELL	_590_	NAND2_X1	39267	12918	40407	15718
CELL	_591_	NAND2_X1	35250	4336	36390	7136
CELL	_592_	NAND2_X1	35710	7390	36850	10190
CELL	_593_	NAND3_X1	36210	7176	37730	9976
CELL	_594_	OAI22_X1	26272	15767	28172	18567
CELL	_595_	NAND2_X1	27603	13995	28743	16795
CELL	_596_	NAND2_X1	28678	4336	29818	7136
CELL	_597_	NAND2_X1	27746	8416	28886	11216
CELL	_598_	NAND3_X1	27683	8155	29203	10955
CELL	_599_	NAND2_X1	14525	20773	15665	23573
CELL	_600_	OAI21_X1	13155	20950	14675	23750
CELL	_601_	NAND2_X1	11473	20337	12613	23137
CELL	_602_	NAND2_X1	4718	18967	5858	21767
CELL	_603_	NAND2_X1	6771	18358	7911	21158
CELL	_604_	NAND3_X1	5436	19019	6956	21819
CELL	_605_	OAI22_X1	25544	31656	27444	34456
CELL	_606_	NAND2_X1	27606	33074	28746	35874
CELL	_607_	NAND2_X1	4718	32511	5858	35311
CELL	_608_	NAND2_X1	28521	33396	29661	36196
CELL	_609_	NAND3_X1	28357	33410	29877	36210
CELL	_610_	NAND2_X1	14503	33451	15643	36251
CELL	_611_	OAI21_X1	13170	34793	14690	37593
CELL	_612_	NAND2_X1	11768	35848	12908	38648
CELL	_613_	NAND2_X1	4718	35324	5858	38124
CELL	_614_	NAND2_X1	7907	35555	9047	38355
CELL	_615_	NAND3_X1	7105	35608	8625	38408
CELL	_616_	OAI22_X1	14593	44816	16493	47616
CELL	_617_	NAND2_X1	12952	43353	14092	46153
CELL	_618_	NAND2_X1	4718	42301	5858	45101
CELL	_619_	NAND2_X1	6517	43620	7657	46420
CELL	_620_	NAND3_X1	6376	42999	7896	45799
CELL	_621_	NAND2_X1	15188	57727	16328	60527
CELL	_622_	OAI21_X1	13917	59230	15437	62030
CELL	_623_	NAND2_X1	12640	62835	13780	65635
CELL	_624_	NAND2_X1	11319	68150	12459	70950
CELL	_625_	NAND2_X1	8851	66433	9991	69233
CELL	_626_	NAND3_X1	10571	66758	12091	69558
CELL	_627_	OAI22_X1	23272	58666	25172	61466
CELL	_628_	NAND2_X1	21207	61838	22347	64638
CELL	_629_	NAND2_X1	20040	68150	21180	70950
CELL	_630_	NAND2_X1	20490	66070	21630	68870
CELL	_631_	NAND3_X1	19550	66348	21070	69148
CELL	_632_	NAND2_X1	39890	58052	41030	60852
CELL	_633_	OAI21_X1	39629	58794	41149	61594
CELL	_634_	NAND2_X1	40958	60764	42098	63564
CELL	_635_	NAND2_X1	41715	68150	42855	70950
CELL	_636_	NAND2_X1	40951	66040	42091	68840
CELL	_637_	NAND3_X1	40843	66442	42363	69242
CELL	_638_	OAI22_X1	48388	58348	50288	61148
CELL	_639_	NAND2_X1	48292	60628	49432	63428
CELL	_640_	NAND2_X1	47975	68150	49115	70950
CELL	_641_	NAND2_X1	48781	65234	49921	68034
CELL	_642_	NAND3_X1	48021	65710	49541	68510
CELL	_643_	NAND2_X1	38712	47744	39852	50544
CELL	_644_	OAI21_X1	36387	45957	37907	48757
CELL	_645_	NAND2_X1	32865	46617	34005	49417
CELL	_646_	AND2_X1	29983	41685	31503	44485
CELL	_647_	AOI21_X1	28457	42314	29977	45114
CELL	_648_	NAND2_X1	30074	46141	31214	48941
CELL	_649_	OAI22_X1	63797	40372	65697	43172
CELL	_650_	NAND2_X1	65062	41698	66202	44498
CELL	_651_	NAND2_X1	69844	42828	70984	45628
CELL	_652_	NAND2_X1	65939	41925	67079	44725
CELL	_653_	NAND3_X1	67006	42287	68526	45087
CELL	_654_	NAND2_X1	50801	26473	51941	29273
CELL	_655_	OAI21_X1	48596	26033	50116	28833
CELL	_656_	NAND2_X1	47086	25487	48226	28287
CELL	_657_	AND2_X1	41514	25955	43034	28755
CELL	_658_	AOI21_X1	40439	24829	41959	27629
CELL	_659_	NAND2_X1	42004	25450	43144	28250
CELL	_660_	OAI22_X1	67301	20209	69201	23009
CELL	_661_	NAND2_X1	68102	18017	69242	20817
CELL	_662_	AND2_X1	68966	11736	70486	14536
CELL	_663_	AOI21_X1	69289	12341	70809	15141
CELL	_664_	NAND2_X1	68295	15347	69435	18147
CELL	_665_	NAND3_X1	53763	22025	55283	24825
CELL	_666_	OR2_X1	53250	16337	54770	19137
CELL	_667_	NAND2_X1	54147	16203	55287	19003
CELL	_668_	NAND2_X1	55175	14317	56315	17117
CELL	_669_	AND2_X1	59166	6077	60686	8877
CELL	_670_	AOI21_X1	58263	4572	59783	7372
CELL	_671_	NAND2_X1	55749	5519	56889	8319
CELL	_672_	DFF_X1	65334	67856	71794	70656
CELL	_673_	DFF_X1	60296	64336	66756	67136
CELL	_674_	DFF_X1	60241	57064	66701	59864
CELL	_675_	DFF_X1	48310	10419	54770	13219
CELL	_676_	DFF_X1	33285	20467	39745	23267
CELL	_677_	DFF_X1	13289	5594	19749	8394
CELL	_678_	DFF_X1	3040	11089	9500	13889
CELL	_679_	DFF_X1	30573	26305	37033	29105
CELL	_680_	DFF_X1	9403	26777	15863	29577
CELL	_681_	DFF_X1	5649	51950	12109	54750
CELL	_682_	DFF_X1	5357	59331	11817	62131
CELL	_683_	DFF_X1	23881	58291	30341	61091
CELL	_684_	DFF_X1	28206	64506	34666	67306
CELL	_685_	DFF_X1	52496	56225	58956	59025
CELL	_686_	DFF_X1	36067	40652	42527	43452
CELL	_687_	DFF_X1	65816	33130	72276	35930
CELL	_688_	DFF_X1	42387	35843	48847	38643
CELL	_689_	DFF_X1	65815	6275	72275	9075
CELL	_690_	DFF_X1	58233	13174	64693	15974
CELL	_691_	DFF_X1	42177	6292	48637	9092
CELL	_692_	DFF_X1	34993	7341	41453	10141
CELL	_693_	DFF_X1	25793	8699	32253	11499
CELL	_694_	DFF_X1	3250	18709	9710	21509
CELL	_695_	DFF_X1	29720	33907	36180	36707
CELL	_696_	DFF_X1	6052	36304	12512	39104
CELL	_697_	DFF_X1	5560	43590	12020	46390
CELL	_698_	DFF_X1	9609	67257	16069	70057
CELL	_699_	DFF_X1	16504	67144	22964	69944
CELL	_700_	DFF_X1	38845	67000	45305	69800
CELL	_701_	DFF_X1	47002	66195	53462	68995
CELL	_702_	DFF_X1	28686	46925	35146	49725
CELL	_703_	DFF_X1	66900	42436	73360	45236
CELL	_704_	DFF_X1	40421	26208	46881	29008
CELL	_705_	DFF_X1	65973	15816	72433	18616
CELL	_706_	DFF_X1	54285	5395	60745	8195
CELL	PHY_EDGE_ROW_15_Right_15	TAPCELL_X1	73340	44800	73720	47600
CELL	PHY_EDGE_ROW_16_Right_16	TAPCELL_X1	73340	47600	73720	50400
CELL	PHY_EDGE_ROW_17_Right_17	TAPCELL_X1	73340	50400	73720	53200
CELL	PHY_EDGE_ROW_18_Right_18	TAPCELL_X1	73340	53200	73720	56000
CELL	PHY_EDGE_ROW_19_Right_19	TAPCELL_X1	73340	56000	73720	58800
CELL	PHY_EDGE_ROW_20_Right_20	TAPCELL_X1	73340	58800	73720	61600
CELL	PHY_EDGE_ROW_21_Right_21	TAPCELL_X1	73340	61600	73720	64400
CELL	PHY_EDGE_ROW_22_Right_22	TAPCELL_X1	73340	64400	73720	67200
CELL	PHY_EDGE_ROW_23_Right_23	TAPCELL_X1	73340	67200	73720	70000
CELL	PHY_EDGE_ROW_24_Right_24	TAPCELL_X1	73340	70000	73720	72800
CELL	PHY_EDGE_ROW_0_Left_25	TAPCELL_X1	2280	2800	2660	5600
CELL	PHY_EDGE_ROW_1_Left_26	TAPCELL_X1	2280	5600	2660	8400
CELL	PHY_EDGE_ROW_2_Left_27	TAPCELL_X1	2280	8400	2660	11200
CELL	PHY_EDGE_ROW_3_Left_28	TAPCELL_X1	2280	11200	2660	14000
CELL	PHY_EDGE_ROW_4_Left_29	TAPCELL_X1	2280	14000	2660	16800
CELL	PHY_EDGE_ROW_5_Left_30	TAPCELL_X1	2280	16800	2660	19600
CELL	PHY_EDGE_ROW_6_Left_31	TAPCELL_X1	2280	19600	2660	22400
CELL	PHY_EDGE_ROW_7_Left_32	TAPCELL_X1	2280	22400	2660	25200
CELL	PHY_EDGE_ROW_8_Left_33	TAPCELL_X1	2280	25200	2660	28000
CELL	PHY_EDGE_ROW_9_Left_34	TAPCELL_X1	2280	28000	2660	30800
CELL	PHY_EDGE_ROW_10_Left_35	TAPCELL_X1	2280	30800	2660	33600
CELL	PHY_EDGE_ROW_11_Left_36	TAPCELL_X1	2280	33600	2660	36400
CELL	PHY_EDGE_ROW_12_Left_37	TAPCELL_X1	2280	36400	2660	39200
CELL	PHY_EDGE_ROW_13_Left_38	TAPCELL_X1	2280	39200	2660	42000
CELL	PHY_EDGE_ROW_14_Left_39	TAPCELL_X1	2280	42000	2660	44800
CELL	PHY_EDGE_ROW_15_Left_40	TAPCELL_X1	2280	44800	2660	47600
CELL	PHY_EDGE_ROW_16_Left_41	TAPCELL_X1	2280	47600	2660	50400
CELL	PHY_EDGE_ROW_17_Left_42	TAPCELL_X1	2280	50400	2660	53200
CELL	PHY_EDGE_ROW_18_Left_43	TAPCELL_X1	2280	53200	2660	56000
CELL	PHY_EDGE_ROW_19_Left_44	TAPCELL_X1	2280	56000	2660	58800
CELL	PHY_EDGE_ROW_20_Left_45	TAPCELL_X1	2280	58800	2660	61600
CELL	PHY_EDGE_ROW_21_Left_46	TAPCELL_X1	2280	61600	2660	64400
CELL	PHY_EDGE_ROW_22_Left_47	TAPCELL_X1	2280	64400	2660	67200
CELL	PHY_EDGE_ROW_23_Left_48	TAPCELL_X1	2280	67200	2660	70000
CELL	PHY_EDGE_ROW_24_Left_49	TAPCELL_X1	2280	70000	2660	72800
